{
  "fileName": "ushio_ICC2_2021_01_14_00.glb",
  "camera": {
    "speed": 3.5,
    "begin": {
      "x": -0.01577,
      "y": -0.02734,
      "z": 3.66818
    },
    "end": {
      "x": -0.01577,
      "y": -0.02734,
      "z": -17.80781      
    }
  },
  "fogStartDistance": 1.2,
  "fogEndDistance": 2.0
}
