{
  "fileName": "ushio_ICC2_2022_01_14_01.glb",
  "camera": {
    "speed": 3.5,
    "begin": {
      "x": -0.0015767,
      "y": -0.0277339,
      "z": 3.6682
    },
    "end": {
      "x": -0.0015767,
      "y": -0.0015767,
      "z": -17.808
    }
  },
  "fogStartDistance": 1.2,
  "fogEndDistance": 2.0
}
